name;last_name;birthday;
Andera;Ebersole;24.08.1989;
Dalene;Stefano;13.07.1987;
Vikki;Dimery;04.10.1992;
Deneen;Krahn;05.01.1996;
Annelle;Spiess;16.08.1997;
Clementina;Steinberger;26.11.1994;
Hong;Thai;10.11.1996;
Hildred;Magyar;13.10.1996;
Nikki;Bad;23.03.1980;
Erline;Sherer;18.02.1981;
Kandis;Burleson;10.05.1991;
Isadora;Windom;17.06.1997;
Delisa;Nordstrom;03.06.1987;
Jaime;Nova;26.04.1984;
Pamelia;Baro;24.06.1994;
Jolynn;Vath;15.06.1981;
Emerita;Breitenbach;26.02.1984;
Dusty;Liebig;12.07.1996;
Marlyn;Wynne;14.12.1990;
Beulah;Atterberry;24.08.1996;
Johsua;Enterlit;18.09.1993;
Layne;Yung;06.03.1995;
